Aaron Evans,evans
Aaron Graves,graves
Abdullah Siddiqi,siddiqi
Abdurrahman Rafiq,rafiq
Adem Alp Yıldız,yildiz
Adil Allawi,allawi
Adrian Lindqvist,lindqvist
Ahmad Twaijry,twaijry
Ahmet Mulalić,mulalic
Aiet Kolkhi,kolkhi
Akber Choudhry,choudhry
Akira Uchida,uchida
Alastair Moore,moore
Albert Lombarte,lombarte
Albert Sutojo,sutojo
Alejandro Umpiérrez,umpierrez
Aleks Clark,clark
Aleksandar Zgonjan,zgonjan
Aleksandr Sokolov,sokolov
Aleksej R. Serdjukov,serdjukov
Alessio Cervellin,cervellin
Alex Menzies,menzies
Alex Morotsky,morotsky
Alexander Gladkov,gladkov
Alexander Khalil,khalil
Alexander Lindqvist,lindqvist
Alexander Matsapura,matsapura
Alexander Skrypnikov,skrypnikov
Alexandre Hô,ho
Alexey Gladkov,gladkov
Alexey Pushkin,pushkin
Alfredo Felizardo,felizardo
Ali Ayub Kalufya,kalufya
Alistair Lewars,lewars
Amar Hanumanula,hanumanula
Amila Akagić,akagic
Amir Szekely,szekely
Amos Batto,batto
Amos Cardia,cardia
Amy Fong,fong
Anders Kjersem,kjersem
Andre Guibert de Bruet,guibert de bruet
Andrea Knight,knight
Andrea Romoli,romoli
Andrei Bosco,bosco
Andrej Uduč,uduc
Andrew Myers,myers
Andrey A. Chernov,chernov
Andrey Masalov,masalov
André Barbosa,barbosa
Anita Reitere,reitere
Anoosh Hosseini,hosseini
Anousak Souphavanh,souphavanh
Anthony Foxworth,foxworth
Anthony Tarlano,tarlano
Antoine Mechelynck,mechelynck
Anton Nizhegorodov,nizhegorodov
Antoni Camon,camon
Antonios Mavrelos,mavrelos
Antti J. Salminen,salminen
Antun Končić,koncic
Anupam Saurabh,saurabh
Aravind Maguluri Babu,maguluri babu
Arthur Barrett,barrett
Arto Laitinen,laitinen
Ashik Salahudeen,salahudeen
Ashutosh Kulkarni,kulkarni
Atsushi Kamoshida,kamoshida
Attasit Thipsongkhroh,thipsongkhroh
Augustin Kiberwa,kiberwa
Austin Tuan,tuan
Axel Taferner,taferner
Azadul Haq,haq
Barak Ori,ori
Basanta K. Shrestha,shrestha
Ben van der Merwe,van der merwe
Benjamin Chuang,chuang
Binny Avasthi,avasthi
Bishakha Banerjee,banerjee
Bishop Clark,clark
Biswatosh Chakraborty,chakraborty
Björn Ordoubadian,ordoubadian
Blaz Mihevc,mihevc
Bogdan Enache,enache
Bradley Johnson,johnson
Brandon Lujan,lujan
Branimir Sesar,sesar
Branislav Pavelka,pavelka
Brenton Martin,martin
Brian Edmond,edmond
Brian Omid Krabbe,krabbe
Brian Rakowski,rakowski
Bruno Antunes,antunes
Bruno Queirós,queiros
Buchan Milne,milne
Cag Onganer,onganer
Cameron Roy,roy
Camilo Regueiro,regueiro
Carlos González,gonzalez
Cavin Song,song
Cem Elhasan,elhasan
Cesar Romero,romero
Charilaos Margiolakis,margiolakis
Charles Fenwick,fenwick
Charles-André Landemaine,landemaine
Christian Gruber,gruber
Christian Mondorf,mondorf
Christian Tanguy,tanguy
Christine Hoffman,hoffman
Christine O'Sullivan,o'sullivan
Christoph Hippchen,hippchen
Christophe Foucher,foucher
Christophe Pera,pera
Christopher Hurley,hurley
Colin Horne,horne
Consuelo Costa,costa
Craig Olinsky,olinsky
Curt Rothert,rothert
Cyril Bortolato,bortolato
Cédric Valmary,valmary
Damien Thebault,thebault
Dan Christian,christian
Dan Mellem,mellem
Dang Minh Tuan,tuan
Daniel Cooper,cooper
Daniel Korostil,korostil
Daniel Stile,stile
Daniel W. Howard,howard
Daniel W. Steinbrook,steinbrook
Daniel Wester,wester
Daniel Yacob,yacob
Daniele Curto,curto
Daniele Medri,medri
Daniil Smirnov,smirnov
Darrel Liu,liu
Darren Blaber,blaber
Dave Evans,evans
Dave Laundon,laundon
Dave Liebreich,liebreich
Dave Murray,murray
Dave Salgueiro,salgueiro
David C. Uhrig,uhrig
David Inglis,inglis
David J. Fiddes,fiddes
David Jorjoliani,jorjoliani
David Kay,kay
David Koudela,koudela
David Pěgřímek,pegrimek
Dawn Isabel,isabel
Denis Scholler,scholler
Denis Sharypov,sharypov
Dima V. Fedorov,fedorov
Dirk Mueller,mueller
Dmitry S. Sivachenko,sivachenko
Donald Szeto,szeto
Donatien Nsengiyumva,nsengiyumva
Dotan Dimet,dimet
Doug Whitmore,whitmore
Douglas Nicolson,nicolson
Ebrahim Byagowi,byagowi
Ed Hume,hume
Eduardo Basurto Villaorlad,basurto villaorlad
Elanjelian Venugopal,venugopal
Emmanuel Galatoulas,galatoulas
Endro Koesno,koesno
Eric Peyton,peyton
Eric Portelance,portelance
Eric Trembly,trembly
Ermengol Bota,bota
Ernest Adrogué Calveras,adrogue calveras
Fabio Luiz,luiz
Fernando García,garcia
Fernando Verdú Castillo,verdu castillo
Filip Molčan,molcan
Florian Laluque,laluque
Florian Verdet,verdet
Forrest Goodson,goodson
Franck Portaneri,portaneri
Fritz Schneider,schneider
Gabriel Pfeiffer,pfeiffer
Gad Abraham,abraham
Gary Elshaw,elshaw
Gavin Ho,ho
Gene Backlin,backlin
Georges Moracchini,moracchini
Georgios Terzoglou,terzoglou
Gerry Leonidas,leonidas
Gideon King,king
Giulia Fraboulet,fraboulet
Glenn Carnagey,carnagey
Gokul Poduval,poduval
Goran Stjepanović,stjepanovic
Greg Lisle,lisle
Gregory R. Block,block
Gunnar Jurdzik,jurdzik
Guntupalli Karunakar,karunakar
Gurpreet Bains,bains
Gérard Iglesias,iglesias
Görkem Çetin,cetin
Halil Kaya,kaya
Hans Wallanger,wallanger
Hari Kumar G,kumar g
Hari Vishnu,vishnu
Hasbullah Bin Pit,pit
Hassan Aurag,aurag
Hauke Schmiegel,schmiegel
Hebert Silva,silva
Helgi Hráfn Gunnarsson,gunnarsson
Henrik Olsson,olsson
Henrique Costa,costa
Henry Pijffers,pijffers
Holger Heynen,heynen
Håkon Wium Lie,lie
Hèctor Batalla,batalla
Hüseyin Kiliç,kilic
I Felix,felix
Ibon Igartua,igartua
Isabelle Dubé,dube
Ismael Olea,olea
Ismail Murat Dilek,dilek
Iuri Fiedoruk,fiedoruk
Ivan Barković,barkovic
Ivan Gusev,gusev
Ivan Sladek,sladek
J.M. Hardin,hardin
Jack Lee,lee
Jack M. H. Lin,lin
Jack Phoenix,phoenix
Jack Trevor,trevor
Jackie Liu,liu
Jacobo Tarrío Barreiro,tarrio barreiro
Jakob Beetz,beetz
Jakub Nešetřil,nesetril
Jakub Tománek,tomanek
James Huntley,huntley
James Miller,miller
James Nicolson,nicolson
James Russell,russell
Jamie Diamond,diamond
Jamie Falzon,falzon
Jan Kropac,kropac
Jan Matoušek,matousek
Jan Merta,merta
Jan Pokorný,pokorny
Jan Tříska,triska
Jan Ustohal,ustohal
Jang Lemmer,lemmer
Janus Ng,ng
Jared Sutton,sutton
Jarmo Juslin,juslin
Jasmin Azemović,azemovic
Jason Fosback,fosback
Jason Fournier,fournier
Jaume Bargalló,bargallo
Javier Solá,sola
Jean-Baptiste M. Queru,queru
Jean Baptiste Ngendahayo,ngendahayo
Jean-Claude Ben,ben
Jeff Lee,lee
Jeff Rhyason,rhyason
Jeffrey Falkingham,falkingham
Jesse Tayler,tayler
Jim Erdmann,erdmann
Jim Massey,massey
Jim Park,park
Jimmy Lee,lee
Jivka Alexandrova,alexandrova
Jiří Burda,burda
Jiří Chomát,chomat
Jiří Šebele,sebele
Jiří Šebesta,sebesta
Joan Sala Soler,sala soler
Joaquín Rodríguez Villanueva,rodriguez villanueva
Joe Yam,yam
John Dobbins,dobbins
John McKee,mckee
John Signa,signa
John Tsagatakis,tsagatakis
Jon Babcock,babcock
Jon Smirl,smirl
Jon Stephens,stephens
Jon Ursenbach,ursenbach
Jonas Geiregat,geiregat
Jonathan Rosenne,rosenne
Jonel Agutaya,agutaya
Joost Verburg,verburg
Josef Kotva,kotva
Joseph Sheehan,sheehan
Joshua Gough,gough
Joshua Henson,henson
Josu Waliño,walino
José Jeria,jeria
José Miguel Parrella Romero,parrella romero
Joyce K Babu,babu
Jozef Remeň,remen
João Santos,santos
Juha Sipilä,sipila
Julien Gattelier,gattelier
Julien Uytterhaegen,uytterhaegen
Jure Repinc,repinc
Justin Frankel,frankel
Justin Morgan,morgan
Jyri-Petteri Paloposki,paloposki
Ján Gallik,gallik
Ján Kendi,kendi
Jérémy Le Floc'h,le floc'h
Jón Ragnarsson,ragnarsson
Jürgen Harter,harter
K'Trina Medina,medina
Karl Benson,benson
Kaspars Krampis,krampis
KDS Sahambi,sahambi
Kemal Taskin,taskin
Ken Lunde,lunde
Kenneth Herron,herron
Kenton Hanson,hanson
Kevin A. Hoogheem,hoogheem
Kevin Donnelly,donnelly
Kevin Freitas,freitas
Kevin Wagner,wagner
Keyur Shroff,shroff
Kim Ludvigsen,ludvigsen
Kiran Bhamare,bhamare
Kirk Brocas,brocas
Kirk Erickson,erickson
Konrad Kieling,kieling
Konstantin A. Lepikhov,lepikhov
Konstantinos Tsakaloglou,tsakaloglou
Kostas Michalopoulos,michalopoulos
Kristjan Zink,zink
Kurt Buecherl,buecherl
Kwang Poon,poon
Kyriakos K. Skafas,skafas
Ladislav Vykukal,vykukal
Lalo Martins,martins
Larry Belan,belan
Larry Jones,jones
Leong Kok Yong,leong
Linda Valdez,valdez
Lloyd Johnson,johnson
Luc Rolland,rolland
Lucien Dupont,dupont
Ludwig Johnson,johnson
Luke Stone,stone
Luís Ferro,ferro
Maciej Przybecki,przybecki
Mack Sessoms,sessoms
Madhur Bhatia,bhatia
Magnus Bonnevier,bonnevier
Magnus Sulland,sulland
Manuel Blanc Juárez,blanc juarez
Manuel Reimer,reimer
Marc Boeker,boeker
Marcelo Ricardo Leitner,leitner
Marcin Jagodziński,jagodzinski
Marcos Paulo Hauer,hauer
Mark Dowling,dowling
Mark Leisher,leisher
Mark Liddell,liddell
Mark Morris,morris
Mark Pilgrim,pilgrim
Mark Tetrode,tetrode
Mart Rootamm,rootamm
Martin Chrástek,chrastek
Martin Grames,grames
Martin Kokeš,kokes
Martin Zikmund,zikmund
Massimo Angiolani,angiolani
Matt McBride,mcbride
Matt Schmitt,schmitt
Matěj Hudec,hudec
Mav Block,block
Max Markiv,markiv
Mert Nalçacı,nalcaci
Michael Friedel,friedel
Michael Glenn,glenn
Michael Hendy,hendy
Michael Kalina,kalina
Michael Kirkorian,kirkorian
Michael La Guardia,la guardia
Michael Naylor,naylor
Michael Opitz,opitz
Michael P. Dubner,dubner
Michael Payne,payne
Michael Wardle,wardle
Michał Sadowski,sadowski
Michel Weinachter,weinachter
Mikael Winterkvist,winterkvist
Mike Belshe,belshe
Mikul Makim,makim
Milen Ivanov,ivanov
Miroslav Lazarević,lazarevic
Miroslav Suchý,suchy
Miłosz Pigłas,piglas
Mohsen Sajjadi,sajjadi
Moied Mohammed,mohammed
Monica Zugan,zugan
Montserrat Garcia,garcia
Mostafa Hosseini,hosseini
Motohiko Anbo,anbo
Muhammad Asif Jan,asif jan
Muhammad Hussain Yusuf,yusuf
Nagarjuna Venna,venna
Nathan Kirkham,kirkham
Nathan Senthil,senthil
Nguyen Minh Duc,duc
Nick Guenther,guenther
Nickos Venturas,venturas
Nicolas Kallaniotis,kallaniotis
Niklas Lundström,lundstrom
Nikolai Nikolov,nikolov
Nino Doijashvili,doijashvili
Nitin Bhargava,bhargava
Nsubis Genesis,genesis
Nuno Cardoso,cardoso
Oleksandr Kasyaniuk,kasyaniuk
Oleksandr Korytskyy,korytskyy
Oleksandr Senyuk,senyuk
Olga Milenkaya,milenkaya
Olivier Bailly,bailly
Ondřej Doněk,donek
P. S. Karthikeyan,karthikeyan
Pankaj Tamrakar,tamrakar
Paolo Busilacchi,busilacchi
Patty Mac,mac
Pau Cabot,cabot
Paul Andrel,andrel
Paul Ashford,ashford
Paul Borokhov,borokhov
Pavel Kurc,kurc
Pavel Nikulin,nikulin
Pavel Peev,peev
Pavel Petric,petric
Paweł Chmielowski,chmielowski
Pedro Rosa,rosa
Per Larsson,larsson
Petar Velikov,velikov
Pete Collins,collins
Peter Arthur,arthur
Peter Bojanic,bojanic
Peter Cassetta,cassetta
Peter Macej,macej
Petr Hrbek,hrbek
Petr Jirsa,jirsa
Petr Tomeš,tomes
Petteri Kamppuri,kamppuri
Piarres Beobide,beobide
Piotr Pielach,pielach
Prasad A. Chodavarapu,chodavarapu
Quico Llach,llach
Radek Bíba,biba
Radek Vybíral,vybiral
Rahul Sundaram,sundaram
Raine Rapo,rapo
Raj Saini,saini
Rakesh Roshan,roshan
Ralph Haase,haase
Ramalingam Saravanan,saravanan
Rangan Sen,sen
Raul Gomes Fernandes,fernandes
Raven Zachary,zachary
Renato Nunes Bastos,bastos
Ricardo Loiola,loiola
Ricardo Soares Guimarães,guimaraes
Ricardo Valfreixo,valfreixo
Richard Allen,allen
Rick Jelliffe,jelliffe
Rick Russell,russell
Rickard Angbratt,angbratt
Rishi Maharaj,maharaj
Risto Kotalampi,kotalampi
Ričardas Čepas,cepas
RKVS Raman,raman
Robb Bloomfield,bloomfield
Robert Linder,linder
Robert Vongbounthanh,vongbounthanh
Rocky Shek,shek
Rogelio Quintanilla Tamez,quintanilla tamez
Roger Sjölander,sjolander
Rohit Bhat,bhat
Roko Roić,roic
Rustam Aliyev,aliyev
Régis Fernandes Gontijo,gontijo
Rūdolfs Mazurs,mazurs
Samer Hassouneh,hassouneh
Samuel Sieb,sieb
Sander van Geloven,van geloven
Sander van Lambalgen,lambalgen
Sandesh Karalkar,karalkar
Sangeeta Kumari,kumari
Sastry Ramachandrula,ramachandrula
Saul Edwards,edwards
Scooter Morris,morris
Scott Dial,dial
Scott Kveton,kveton
Sean Fennel,fennel
Seeger Fisher,fisher
Serdar Soydemir,soydemir
Sergei B. Pokrovsky,pokrovsky
Sergey Degtyarev,degtyarev
Serghei Groppa,groppa
Sergiy Khoruzhin,khoruzhin
Serhiy Brytskyy,brytskyy
Shaun Mahony,mahony
Shay Elkin,elkin
Sherman Dickman,dickman
Sheueling Chang,chang
Shrirang Khanzode,khanzode
Siddharth Shanker Mishra,mishra
Sipke Durksz,durksz
Sirawit Pakdipan,pakdipan
Sivakiran Tummala,tummala
Slava Paperno,paperno
Sonja Mirtitsch,mirtitsch
Sriram Neelakandan,neelakandan
Stanislav Dvořák,dvorak
Stanislav Višňovský,visnovsky
Stanislav Zhelyazkov,zhelyazkov
Stanislav Štěpánek,stepanek
Stefan Borggraefe,borggraefe
Stefan Livens,livens
Stefan Malling,malling
Stefan Rechsteiner,rechsteiner
Stephen Bounds,bounds
Stephen Henson,henson
Stephen Holt,holt
Steve Costa,costa
Steve Delaney,delaney
Steve Klingsporn,klingsporn
Steve McIntosh,mcintosh
Steve Murphy,murphy
Sue Sims,sims
Sujay Desai,desai
Sundeep Peswani,peswani
Sven Grull,grull
Sven Krohlas,krohlas
Swati Nalavade,nalavade
Szabolcs Horváth,horvath
Tahir Azhar,azhar
Taksing Kwan,kwan
Teddy Mwakabaga,mwakabaga
Tegegne Tefera,tefera
Terence Tan,tan
Thad Lozada,lozada
Thanh Minh Thinh,thinh
Theun Bouius,bouius
Thomas Kneeland Jr.,kneeland
Thomas Martin Widmann,widmann
Thomas Schubert,schubert
Thomas Whalen,whalen
Tim Yamin,yamin
Timothy B. Anderson,anderson
Tin V Le,le
Todd Danner,danner
Tomas Hägg,hagg
Tomasz Domagalski,tomagalski
Tomás Miralles,miralles
Tomáš Brabenec,brabenec
Tomáš Kopečný,kopecny
Tomáš Marek,marek
Tomáš Zelina,zelina
Toni Syvänen,syvanen
Tony Reeves,reeves
Tsani Jones,jones
Tsvetan Stoyanov,stoyanov
Ulf Axelsson,axelsson
Ulf Scherov,scherov
Urška Colner,colner
Vadim Vinichenko,vinichenko
Valentina Vaneeva,vaneeva
Vedran Kralj,kralj
Veerasak Kritsanapraphan,kritsanapraphan
Viateur Mugenzi,mugenzi
Viktor Ilijašić,ilijasic
Viktor Lobodzets,lobodzets
Vinod P Jacob,jacob
Viorel Dehelean,dehelean
Vipul Gupta,gupta
Virgilio Leonardo Ruilova,ruilova
Vita Badran,badran
Vitaly Piryatinsky,piryatinsky
Vito DiLuminoso,diluminoso
Vitor Domingos,domingos
Vlad Dascalu,dascalu
Vlad Gavrila,gavrila
Vladimir Marinković,marinkovic
Vladimir Simovic,simovic
Vladimire Ermakov,ermakov
Wang Jian,wang
Waseem Sayegh,sayegh
Weiping Liu,liu
Wilfred Hildonen,hildonen
Wilfred W. Lam,lam
William Wei,wei
Wojciech Kapusta,kapusta
Wojciech Szczęsny,szczesny
Wolfgang Wiese,wiese
Xavi Ivars i Ribes,ivars i ribes
Xiangyang Chen,chen
Xiaodan Zhu,zhu
Ximon Eighteen,eighteen
Yaacov Akiba Slama,slama
Yannig Marchegay,marchegay
Yasushi Shoji,shoji
Yehavi Bourvine,bourvine
Yu Yeung (Kenny) Ho,ho
Yuriy Antonov,antonov
Zachary Milbourn,milbourn
Zack Rusin,rusin
Zlatko Popov,popov
Zvi Nachnami,nachnami
Éric Jousse,jousse
Éric Thérond,therond
Şâkir Aşçı,asci
Štěpán Petrů,petru
Željko Cvrkotič,cvrkotic